lexical_category,mean_prop
function_words,0.13223849448314293
nouns,0.45971898749554907
other,0.16215784282028314
predicates,0.2500171281536231
